{"cameraMode":{"drawMode":0,"name":"Shaded","section":"Shading Mode"},"sceneLighting":true,"audioPlay":false,"sceneViewState":{"m_AlwaysRefresh":true,"showFog":true,"showSkybox":true,"showFlares":true,"showImageEffects":true,"showParticleSystems":true,"showVisualEffectGraphs":true,"m_FxEnabled":true},"in2DMode":false,"pivot":{"x":-3.5582733154296877,"y":0.5603225231170654,"z":0.2184925079345703},"rotation":{"x":-0.058129001408815387,"y":0.38415250182151797,"z":-0.02418842539191246,"w":-0.9211643934249878},"size":4.045565605163574,"orthographic":false}